2023-07-19 14:29:17:749518,0.0,0.0,0.0,0.0,176,177
2023-07-19 14:29:32:202228,0.0,0.0,0.0,0.0,176,177
2023-07-19 15:11:11:047054,0.0,0.0,0.0,0.0,161,162
2023-07-19 15:11:11:407053,0.0,0.0,0.0,0.0,161,162
2023-07-19 15:11:11:749540,0.0,0.0,0.0,0.0,161,162
2023-07-19 15:11:12:144667,0.0,0.0,0.0,0.0,161,162
2023-07-19 15:11:12:488614,0.0,0.0,0.0,0.0,161,162
2023-07-19 15:11:12:835668,0.0,0.0,0.0,0.0,161,162
2023-07-19 15:11:13:190615,0.0,0.0,0.0,0.0,161,162
2023-07-19 15:11:13:565668,0.0,0.0,0.0,0.0,161,162
2023-07-19 15:11:13:910667,0.0,0.0,0.0,0.0,161,162
2023-07-19 15:11:14:254615,0.0,0.0,0.0,0.0,161,162
2023-07-19 15:11:14:596668,0.0,0.0,0.0,0.0,161,162
2023-07-19 15:11:14:957687,0.0,0.0,0.0,0.0,161,162
2023-07-19 15:11:15:299876,0.0,0.0,0.0,0.0,161,162
2023-07-19 15:11:15:645816,0.0,0.0,0.0,0.0,161,162
2023-07-19 15:11:15:988768,0.0,0.0,0.0,0.0,161,162
2023-07-19 15:11:16:331756,0.0,0.0,0.0,0.0,161,162
2023-07-19 15:11:16:674131,0.0,0.0,0.0,0.0,161,162
2023-07-19 15:11:17:017236,0.0,0.0,0.0,0.0,161,162
2023-07-19 15:11:17:361258,0.0,0.0,0.0,0.0,161,162
2023-07-19 15:11:17:704266,0.0,0.0,0.0,0.0,161,162
2023-07-19 15:11:18:045335,0.0,0.0,0.0,0.0,161,162
2023-07-19 15:11:18:388560,0.0,0.0,0.0,0.0,161,162
2023-07-19 15:11:18:730556,0.0,0.0,0.0,0.0,161,162
2023-07-19 15:11:19:087457,0.0,0.0,0.0,0.0,161,162
2023-07-19 15:11:19:431854,0.0,0.0,0.0,0.0,161,162
2023-07-19 15:11:19:774853,0.0,0.0,0.0,0.0,161,162
2023-07-19 15:11:20:119149,0.0,0.0,0.0,0.0,161,162
2023-07-19 15:11:20:461729,0.0,0.0,0.0,0.0,161,162
2023-07-19 15:11:20:804274,0.0,0.0,0.0,0.0,161,162
2023-07-19 15:11:21:148480,0.0,0.0,0.0,0.0,161,162
2023-07-19 15:11:21:490555,0.0,0.0,0.0,0.0,161,162
2023-07-19 15:11:21:833894,0.0,0.0,0.0,0.0,161,162
2023-07-19 15:11:22:177360,0.0,0.0,0.0,0.0,161,162
2023-07-19 15:11:22:520542,0.0,0.0,0.0,0.0,161,162
2023-07-19 15:11:22:863324,0.0,0.0,0.0,0.0,161,162
2023-07-19 15:11:23:207479,0.0,0.0,0.0,0.0,161,162
2023-07-19 15:11:23:553486,0.0,0.0,0.0,0.0,161,162
2023-07-19 15:11:23:899223,0.0,0.0,0.0,0.0,161,162
2023-07-19 15:11:24:271962,0.0,0.0,0.0,0.0,161,162
2023-07-19 15:11:24:620666,0.0,0.0,0.0,0.0,161,162
2023-07-19 15:11:24:964725,0.0,0.0,0.0,0.0,161,162
2023-07-19 15:11:25:313076,0.0,0.0,0.0,0.0,161,162
2023-07-19 15:11:25:657998,0.0,0.0,0.0,0.0,161,162
2023-07-19 15:11:26:004373,0.0,0.0,0.0,0.0,161,162
2023-07-19 15:11:26:360945,0.0,0.0,0.0,0.0,161,162
2023-07-19 15:11:26:705407,0.0,0.0,0.0,0.0,161,162
2023-07-19 15:11:27:049328,0.0,0.0,0.0,0.0,161,162
2023-07-19 15:11:27:393482,0.0,0.0,0.0,0.0,161,162
2023-07-19 15:11:27:737130,0.0,0.0,0.0,0.0,161,162
2023-07-19 15:11:28:081008,0.0,0.0,0.0,0.0,161,162
2023-07-19 15:11:28:425356,0.0,0.0,0.0,0.0,161,162
2023-07-19 15:11:28:770303,0.0,0.0,0.0,0.0,161,162
2023-07-19 15:11:29:118705,0.0,0.0,0.0,0.0,161,162
2023-07-19 15:11:29:464079,0.0,0.0,0.0,0.0,161,162
2023-07-19 15:11:29:809579,0.0,0.0,0.0,0.0,161,162
2023-07-19 15:11:30:196315,0.0,0.0,0.0,0.0,161,162
2023-07-19 15:11:30:543263,0.0,0.0,0.0,0.0,161,162
2023-07-19 15:11:30:891263,0.0,0.0,0.0,0.0,161,162
2023-07-19 15:11:31:240388,0.0,0.0,0.0,0.0,161,162
2023-07-19 15:11:31:586390,0.0,0.0,0.0,0.0,161,162
2023-07-19 15:11:31:931438,0.0,0.0,0.0,0.0,161,162
2023-07-19 15:11:32:275625,0.0,0.0,0.0,0.0,161,162
2023-07-19 15:11:32:618499,0.0,0.0,0.0,0.0,161,162
2023-07-19 15:11:32:961498,0.0,0.0,0.0,0.0,161,162
2023-07-19 15:11:33:316499,0.0,0.0,0.0,0.0,161,162
2023-07-19 15:11:33:663302,0.0,0.0,0.0,0.0,161,162
2023-07-19 15:11:34:010352,0.0,0.0,0.0,0.0,161,162
2023-07-19 15:11:34:357353,0.0,0.0,0.0,0.0,161,162
2023-07-19 15:11:34:701568,0.0,0.0,0.0,0.0,161,162
2023-07-19 15:11:35:049568,0.0,0.0,0.0,0.0,161,162
2023-07-19 15:11:35:393311,0.0,0.0,0.0,0.0,161,162
2023-07-19 15:11:35:741114,0.0,0.0,0.0,0.0,161,162
2023-07-19 15:11:36:092456,0.0,0.0,0.0,0.0,161,162
2023-07-19 15:11:36:439959,0.0,0.0,0.0,0.0,161,162
2023-07-19 15:11:36:784297,0.0,0.0,0.0,0.0,161,162
2023-07-19 15:11:37:126798,0.0,0.0,0.0,0.0,161,162
2023-07-19 15:11:37:470634,0.0,0.0,0.0,0.0,161,162
2023-07-19 15:11:37:823819,0.0,0.0,0.0,0.0,161,162
2023-07-19 15:11:38:167896,0.0,0.0,0.0,0.0,161,162
2023-07-19 15:11:38:512861,0.0,0.0,0.0,0.0,161,162
2023-07-19 15:11:38:901182,0.0,0.0,0.0,0.0,161,162
2023-07-19 15:11:39:247182,0.0,0.0,0.0,0.0,161,162
2023-07-19 15:11:39:590055,0.0,0.0,0.0,0.0,161,162
2023-07-19 15:11:39:940801,0.0,0.0,0.0,0.0,161,162
2023-07-19 15:11:40:286271,0.0,0.0,0.0,0.0,161,162
2023-07-19 15:11:40:628844,0.0,0.0,0.0,0.0,161,162
2023-07-19 15:11:40:970948,0.0,0.0,0.0,0.0,161,162
2023-07-19 15:11:41:317254,0.0,0.0,0.0,0.0,161,162
2023-07-19 15:11:41:660271,0.0,0.0,0.0,0.0,161,162
2023-07-19 15:11:42:011322,0.0,0.0,0.0,0.0,161,162
2023-07-19 15:11:42:353797,0.0,0.0,0.0,0.0,161,162
2023-07-19 15:11:42:699638,0.0,0.0,0.0,0.0,161,162
2023-07-19 15:11:43:045587,0.0,0.0,0.0,0.0,161,162
2023-07-19 15:11:43:390183,0.0,0.0,0.0,0.0,161,162
2023-07-19 15:11:43:736659,0.0,0.0,0.0,0.0,161,162
2023-07-19 15:11:44:143439,0.0,0.0,0.0,0.0,161,162
2023-07-19 15:11:44:494746,0.0,0.0,0.0,0.0,161,162
2023-07-19 15:11:44:848179,0.0,0.0,0.0,0.0,161,162
2023-07-19 15:11:45:192259,0.0,0.0,0.0,0.0,161,162
2023-07-19 15:11:45:535903,0.0,0.0,0.0,0.0,161,162
2023-07-19 15:11:45:909085,0.0,0.0,0.0,0.0,161,162
2023-07-19 15:11:46:269522,0.0,0.0,0.0,0.0,161,162
2023-07-19 15:11:46:612565,0.0,0.0,0.0,0.0,161,162
2023-07-19 15:11:46:957390,0.0,0.0,0.0,0.0,161,162
2023-07-19 15:11:47:305142,0.0,0.0,0.0,0.0,161,162
2023-07-19 15:11:47:655684,0.0,0.0,0.0,0.0,161,162
2023-07-19 15:11:47:998836,0.0,0.0,0.0,0.0,161,162
2023-07-19 15:11:48:380398,0.0,0.0,0.0,0.0,161,162
2023-07-19 15:11:48:730399,0.0,0.0,0.0,0.0,161,162
2023-07-19 15:11:49:073844,0.0,0.0,0.0,0.0,161,162
2023-07-19 15:11:49:419437,0.0,0.0,0.0,0.0,161,162
2023-07-19 15:11:49:765682,0.0,0.0,0.0,0.0,161,162
2023-07-19 15:11:50:112808,0.0,0.0,0.0,0.0,161,162
2023-07-19 15:11:50:456757,0.0,0.0,0.0,0.0,161,162
2023-07-19 15:11:50:820808,0.0,0.0,0.0,0.0,161,162
2023-07-19 15:11:51:165542,0.0,0.0,0.0,0.0,161,162
2023-07-19 15:11:51:509584,0.0,0.0,0.0,0.0,161,162
2023-07-19 15:11:51:852563,0.0,0.0,0.0,0.0,161,162
2023-07-19 15:11:52:196424,0.0,0.0,0.0,0.0,161,162
2023-07-19 15:11:52:538557,0.0,0.0,0.0,0.0,161,162
2023-07-19 15:11:52:883161,0.0,0.0,0.0,0.0,161,162
2023-07-19 15:11:53:237232,0.0,0.0,0.0,0.0,161,162
2023-07-19 15:11:53:581409,0.0,0.0,0.0,0.0,161,162
2023-07-19 15:11:53:927410,0.0,0.0,0.0,0.0,161,162
2023-07-19 15:11:54:270359,0.0,0.0,0.0,0.0,161,162
2023-07-19 15:11:54:616257,0.0,0.0,0.0,0.0,161,162
2023-07-19 15:11:54:959502,0.0,0.0,0.0,0.0,161,162
2023-07-19 15:11:55:306994,0.0,0.0,0.0,0.0,161,162
2023-07-19 15:11:55:649993,0.0,0.0,0.0,0.0,161,162
2023-07-19 15:11:56:019266,0.0,0.0,0.0,0.0,161,162
2023-07-19 15:11:56:372880,0.0,0.0,0.0,0.0,161,162
2023-07-19 15:11:56:716777,0.0,0.0,0.0,0.0,161,162
2023-07-19 15:11:57:062677,0.0,0.0,0.0,0.0,161,162
2023-07-19 15:11:57:408698,0.0,0.0,0.0,0.0,161,162
2023-07-19 15:11:57:765372,0.0,0.0,0.0,0.0,161,162
2023-07-19 15:11:58:136008,0.0,0.0,0.0,0.0,161,162
2023-07-19 15:11:58:478639,0.0,0.0,0.0,0.0,161,162
2023-07-19 15:11:58:823382,0.0,0.0,0.0,0.0,161,162
2023-07-19 15:11:59:168382,0.0,0.0,0.0,0.0,161,162
2023-07-19 15:11:59:512382,0.0,0.0,0.0,0.0,161,162
2023-07-19 15:11:59:856584,0.0,0.0,0.0,0.0,161,162
2023-07-19 15:12:00:201559,0.0,0.0,0.0,0.0,161,162
2023-07-19 15:12:00:547449,0.0,0.0,0.0,0.0,161,162
2023-07-19 15:12:00:892109,0.0,0.0,0.0,0.0,161,162
2023-07-19 15:12:01:244800,0.0,0.0,0.0,0.0,161,162
2023-07-19 15:12:01:589842,0.0,0.0,0.0,0.0,161,162
2023-07-19 15:12:01:933513,0.0,0.0,0.0,0.0,161,162
2023-07-19 15:12:02:277513,0.0,0.0,0.0,0.0,161,162
2023-07-19 15:12:02:621055,0.0,0.0,0.0,0.0,161,162
2023-07-19 15:12:02:969008,0.0,0.0,0.0,0.0,161,162
2023-07-19 15:12:03:323127,0.0,0.0,0.0,0.0,161,162
2023-07-19 15:12:03:665683,0.0,0.0,0.0,0.0,161,162
2023-07-19 15:12:04:009909,0.0,0.0,0.0,0.0,161,162
2023-07-19 15:12:04:353552,0.0,0.0,0.0,0.0,161,162
2023-07-19 15:12:04:700316,0.0,0.0,0.0,0.0,161,162
2023-07-19 15:12:05:045520,0.0,0.0,0.0,0.0,161,162
2023-07-19 15:12:05:392298,0.0,0.0,0.0,0.0,161,162
2023-07-19 15:12:05:736247,0.0,0.0,0.0,0.0,161,162
2023-07-19 15:12:06:081871,0.0,0.0,0.0,0.0,161,162
2023-07-19 15:12:06:425271,0.0,0.0,0.0,0.0,161,162
2023-07-19 15:12:06:770095,0.0,0.0,0.0,0.0,161,162
2023-07-19 15:12:07:115518,0.0,0.0,0.0,0.0,161,162
2023-07-19 15:12:07:460924,0.0,0.0,0.0,0.0,161,162
2023-07-19 15:12:07:804873,0.0,0.0,0.0,0.0,161,162
2023-07-19 15:12:08:152065,0.0,0.0,0.0,0.0,161,162
2023-07-19 15:12:08:493889,0.0,0.0,0.0,0.0,161,162
2023-07-19 15:12:08:839467,0.0,0.0,0.0,0.0,161,162
2023-07-19 15:12:09:182815,0.0,0.0,0.0,0.0,161,162
2023-07-19 15:12:09:530299,0.0,0.0,0.0,0.0,161,162
2023-07-19 15:12:09:875296,0.0,0.0,0.0,0.0,161,162
2023-07-19 15:12:10:218419,0.0,0.0,0.0,0.0,161,162
2023-07-19 15:12:10:560420,0.0,0.0,0.0,0.0,161,162
2023-07-19 15:12:10:904611,0.0,0.0,0.0,0.0,161,162
2023-07-19 15:12:11:250707,0.0,0.0,0.0,0.0,161,162
2023-07-19 15:12:11:594953,0.0,0.0,0.0,0.0,161,162
2023-07-19 15:12:11:943528,0.0,0.0,0.0,0.0,161,162
2023-07-19 15:12:12:311236,0.0,0.0,0.0,0.0,161,162
2023-07-19 15:12:12:660077,0.0,0.0,0.0,0.0,161,162
2023-07-19 15:12:13:002855,0.0,0.0,0.0,0.0,161,162
2023-07-19 15:12:13:348309,0.0,0.0,0.0,0.0,161,162
2023-07-19 15:12:13:692436,0.0,0.0,0.0,0.0,161,162
2023-07-19 15:12:14:037556,0.0,0.0,0.0,0.0,161,162
2023-07-19 15:12:14:382053,0.0,0.0,0.0,0.0,161,162
2023-07-19 15:12:14:729178,0.0,0.0,0.0,0.0,161,162
2023-07-19 15:12:15:098343,0.0,0.0,0.0,0.0,161,162
2023-07-19 15:12:15:442096,0.0,0.0,0.0,0.0,161,162
2023-07-19 15:12:15:787263,0.0,0.0,0.0,0.0,161,162
2023-07-19 15:12:16:130128,0.0,0.0,0.0,0.0,161,162
2023-07-19 15:12:16:475724,0.0,0.0,0.0,0.0,161,162
2023-07-19 15:12:16:818679,0.0,0.0,0.0,0.0,161,162
2023-07-19 15:12:17:163724,0.0,0.0,0.0,0.0,161,162
2023-07-19 15:12:17:506715,0.0,0.0,0.0,0.0,161,162
2023-07-19 15:12:17:850699,0.0,0.0,0.0,0.0,161,162
2023-07-19 15:12:18:196749,0.0,0.0,0.0,0.0,161,162
2023-07-19 15:12:18:546749,0.0,0.0,0.0,0.0,161,162
2023-07-19 15:12:18:891704,0.0,0.0,0.0,0.0,161,162
2023-07-19 15:12:19:239697,0.0,0.0,0.0,0.0,161,162
2023-07-19 15:12:19:589667,0.0,0.0,0.0,0.0,161,162
2023-07-19 15:12:19:934931,0.0,0.0,0.0,0.0,161,162
2023-07-19 15:12:20:289824,0.0,0.0,0.0,0.0,161,162
2023-07-19 15:12:20:634120,0.0,0.0,0.0,0.0,161,162
2023-07-19 15:12:20:980774,0.0,0.0,0.0,0.0,161,162
2023-07-19 15:12:21:326773,0.0,0.0,0.0,0.0,161,162
2023-07-19 15:12:21:673722,0.0,0.0,0.0,0.0,161,162
2023-07-19 15:12:22:018773,0.0,0.0,0.0,0.0,161,162
2023-07-19 15:12:22:362901,0.0,0.0,0.0,0.0,161,162
2023-07-19 15:12:22:719264,0.0,0.0,0.0,0.0,161,162
2023-07-19 15:12:23:061572,0.0,0.0,0.0,0.0,161,162
2023-07-19 15:12:23:405123,0.0,0.0,0.0,0.0,161,162
2023-07-19 15:12:23:749155,0.0,0.0,0.0,0.0,161,162
2023-07-19 15:12:24:093684,0.0,0.0,0.0,0.0,161,162
2023-07-19 15:12:24:437533,0.0,0.0,0.0,0.0,161,162
2023-07-19 15:12:24:783022,0.0,0.0,0.0,0.0,161,162
2023-07-19 15:12:25:127021,0.0,0.0,0.0,0.0,161,162
2023-07-19 15:12:25:474948,0.0,0.0,0.0,0.0,161,162
2023-07-19 15:12:25:821000,0.0,0.0,0.0,0.0,161,162
2023-07-19 15:12:26:174775,0.0,0.0,0.0,0.0,161,162
2023-07-19 15:12:26:517826,0.0,0.0,0.0,0.0,161,162
2023-07-19 15:12:26:879224,0.0,0.0,0.0,0.0,161,162
2023-07-19 15:12:27:225955,0.0,0.0,0.0,0.0,161,162
2023-07-19 15:12:27:571238,0.0,0.0,0.0,0.0,161,162
2023-07-19 15:12:27:918192,0.0,0.0,0.0,0.0,161,162
2023-07-19 15:12:28:260688,0.0,0.0,0.0,0.0,161,162
2023-07-19 15:12:28:603619,0.0,0.0,0.0,0.0,161,162
2023-07-19 15:12:28:947568,0.0,0.0,0.0,0.0,161,162
2023-07-19 15:12:29:291155,0.0,0.0,0.0,0.0,161,162
2023-07-19 15:12:29:635205,0.0,0.0,0.0,0.0,161,162
2023-07-19 15:12:29:979204,0.0,0.0,0.0,0.0,161,162
2023-07-19 15:12:30:323286,0.0,0.0,0.0,0.0,161,162
2023-07-19 15:12:30:668378,0.0,0.0,0.0,0.0,161,162
2023-07-19 15:12:31:010379,0.0,0.0,0.0,0.0,161,162
2023-07-19 15:12:31:353910,0.0,0.0,0.0,0.0,161,162
2023-07-19 15:12:31:696927,0.0,0.0,0.0,0.0,161,162
2023-07-19 15:12:32:040876,0.0,0.0,0.0,0.0,161,162
2023-07-19 15:12:32:383883,0.0,0.0,0.0,0.0,161,162
2023-07-19 15:12:32:727362,0.0,0.0,0.0,0.0,161,162
2023-07-19 15:12:33:070087,0.0,0.0,0.0,0.0,161,162
2023-07-19 15:12:33:413544,0.0,0.0,0.0,0.0,161,162
2023-07-19 15:12:33:759476,0.0,0.0,0.0,0.0,161,162
2023-07-19 15:12:34:114704,0.0,0.0,0.0,0.0,161,162
2023-07-19 15:12:34:491502,0.0,0.0,0.0,0.0,161,162
2023-07-19 15:12:34:835083,0.0,0.0,0.0,0.0,161,162
2023-07-19 15:12:35:181585,0.0,0.0,0.0,0.0,161,162
2023-07-19 15:12:35:528336,0.0,0.0,0.0,0.0,161,162
2023-07-19 15:12:35:870375,0.0,0.0,0.0,0.0,161,162
2023-07-19 15:12:36:213487,0.0,0.0,0.0,0.0,161,162
2023-07-19 15:12:36:558744,0.0,0.0,0.0,0.0,161,162
2023-07-19 15:12:36:904852,0.0,0.0,0.0,0.0,161,162
2023-07-19 15:12:37:251154,0.0,0.0,0.0,0.0,161,162
2023-07-19 15:12:37:600563,0.0,0.0,0.0,0.0,161,162
2023-07-19 15:12:37:944003,0.0,0.0,0.0,0.0,161,162
2023-07-19 15:12:38:287946,0.0,0.0,0.0,0.0,161,162
2023-07-19 15:12:38:631583,0.0,0.0,0.0,0.0,161,162
2023-07-19 15:12:38:975333,0.0,0.0,0.0,0.0,161,162
2023-07-19 15:12:39:318475,0.0,0.0,0.0,0.0,161,162
2023-07-19 15:12:39:661985,0.0,0.0,0.0,0.0,161,162
2023-07-19 15:12:40:004557,0.0,0.0,0.0,0.0,161,162
2023-07-19 15:12:40:348626,0.0,0.0,0.0,0.0,161,162
2023-07-19 15:12:40:694025,0.0,0.0,0.0,0.0,161,162
2023-07-19 15:12:41:039580,0.0,0.0,0.0,0.0,161,162
2023-07-19 15:12:41:383632,0.0,0.0,0.0,0.0,161,162
2023-07-19 15:12:41:726633,0.0,0.0,0.0,0.0,161,162
2023-07-19 15:12:42:069763,0.0,0.0,0.0,0.0,161,162
2023-07-19 15:12:42:412163,0.0,0.0,0.0,0.0,161,162
2023-07-19 15:12:42:755161,0.0,0.0,0.0,0.0,161,162
2023-07-19 15:12:43:106416,0.0,0.0,0.0,0.0,161,162
2023-07-19 15:12:43:524528,0.0,0.0,0.0,0.0,161,162
2023-07-19 15:12:43:872686,0.0,0.0,0.0,0.0,161,162
2023-07-19 15:12:44:215609,0.0,0.0,0.0,0.0,161,162
2023-07-19 15:12:44:591177,0.0,0.0,0.0,0.0,161,162
2023-07-19 15:12:44:936929,0.0,0.0,0.0,0.0,161,162
2023-07-19 15:12:45:279658,0.0,0.0,0.0,0.0,161,162
2023-07-19 15:12:45:623397,0.0,0.0,0.0,0.0,161,162
2023-07-19 15:12:45:966449,0.0,0.0,0.0,0.0,161,162
2023-07-19 15:12:46:319612,0.0,0.0,0.0,0.0,161,162
2023-07-19 15:12:46:662249,0.0,0.0,0.0,0.0,161,162
2023-07-19 15:12:47:023252,0.0,0.0,0.0,0.0,161,162
2023-07-19 15:12:47:368251,0.0,0.0,0.0,0.0,161,162
2023-07-19 15:12:47:710378,0.0,0.0,0.0,0.0,161,162
2023-07-19 15:12:48:057023,0.0,0.0,0.0,0.0,161,162
2023-07-19 15:12:48:400247,0.0,0.0,0.0,0.0,161,162
2023-07-19 15:12:48:744241,0.0,0.0,0.0,0.0,161,162
2023-07-19 15:12:49:092242,0.0,0.0,0.0,0.0,161,162
2023-07-19 15:12:49:439381,0.0,0.0,0.0,0.0,161,162
2023-07-19 15:12:49:787542,0.0,0.0,0.0,0.0,161,162
2023-07-19 15:12:50:138303,0.0,0.0,0.0,0.0,161,162
2023-07-19 15:12:50:481116,0.0,0.0,0.0,0.0,161,162
2023-07-19 15:12:50:824293,0.0,0.0,0.0,0.0,161,162
2023-07-19 15:12:51:176893,0.0,0.0,0.0,0.0,161,162
2023-07-19 15:12:51:522703,0.0,0.0,0.0,0.0,161,162
2023-07-19 15:12:51:866485,0.0,0.0,0.0,0.0,161,162
2023-07-19 15:12:52:210815,0.0,0.0,0.0,0.0,161,162
2023-07-19 15:12:52:553686,0.0,0.0,0.0,0.0,161,162
2023-07-19 15:12:52:897221,0.0,0.0,0.0,0.0,161,162
2023-07-19 15:12:53:250873,0.0,0.0,0.0,0.0,161,162
2023-07-19 15:12:53:597918,0.0,0.0,0.0,0.0,161,162
2023-07-19 15:12:53:941992,0.0,0.0,0.0,0.0,161,162
2023-07-19 15:12:54:286365,0.0,0.0,0.0,0.0,161,162
2023-07-19 15:12:54:631742,0.0,0.0,0.0,0.0,161,162
2023-07-19 15:12:54:975742,0.0,0.0,0.0,0.0,161,162
2023-07-19 15:12:55:319742,0.0,0.0,0.0,0.0,161,162
2023-07-19 15:12:55:662868,0.0,0.0,0.0,0.0,161,162
2023-07-19 15:12:56:006504,0.0,0.0,0.0,0.0,161,162
2023-07-19 15:12:56:351198,0.0,0.0,0.0,0.0,161,162
2023-07-19 15:12:56:695250,0.0,0.0,0.0,0.0,161,162
2023-07-19 15:12:57:039203,0.0,0.0,0.0,0.0,161,162
2023-07-19 15:12:57:384460,0.0,0.0,0.0,0.0,161,162
2023-07-19 15:12:57:726248,0.0,0.0,0.0,0.0,161,162
2023-07-19 15:12:58:070029,0.0,0.0,0.0,0.0,161,162
2023-07-19 15:12:58:413053,0.0,0.0,0.0,0.0,161,162
2023-07-19 15:12:58:758663,0.0,0.0,0.0,0.0,161,162
2023-07-19 15:12:59:102088,0.0,0.0,0.0,0.0,161,162
2023-07-19 15:12:59:444970,0.0,0.0,0.0,0.0,161,162
2023-07-19 15:12:59:789194,0.0,0.0,0.0,0.0,161,162
2023-07-19 15:13:00:133332,0.0,0.0,0.0,0.0,161,162
2023-07-19 15:13:00:477173,0.0,0.0,0.0,0.0,161,162
2023-07-19 15:13:00:819454,0.0,0.0,0.0,0.0,161,162
2023-07-19 15:13:01:172803,0.0,0.0,0.0,0.0,161,162
2023-07-19 15:13:01:523188,0.0,0.0,0.0,0.0,161,162
2023-07-19 15:13:01:866487,0.0,0.0,0.0,0.0,161,162
2023-07-19 15:13:02:210311,0.0,0.0,0.0,0.0,161,162
2023-07-19 15:13:02:555944,0.0,0.0,0.0,0.0,161,162
2023-07-19 15:13:02:900053,0.0,0.0,0.0,0.0,161,162
2023-07-19 15:13:03:242800,0.0,0.0,0.0,0.0,161,162
2023-07-19 15:13:03:585587,0.0,0.0,0.0,0.0,161,162
2023-07-19 15:13:03:931054,0.0,0.0,0.0,0.0,161,162
2023-07-19 15:13:04:279869,0.0,0.0,0.0,0.0,161,162
2023-07-19 15:13:04:624241,0.0,0.0,0.0,0.0,161,162
2023-07-19 15:13:04:971206,0.0,0.0,0.0,0.0,161,162
2023-07-19 15:13:05:316695,0.0,0.0,0.0,0.0,161,162
2023-07-19 15:13:05:660828,0.0,0.0,0.0,0.0,161,162
2023-07-19 15:13:06:004816,0.0,0.0,0.0,0.0,161,162
2023-07-19 15:13:06:350055,0.0,0.0,0.0,0.0,161,162
2023-07-19 15:13:06:692930,0.0,0.0,0.0,0.0,161,162
2023-07-19 15:13:07:051930,0.0,0.0,0.0,0.0,161,162
2023-07-19 15:13:07:402622,0.0,0.0,0.0,0.0,161,162
2023-07-19 15:13:08:057395,0.0,0.0,0.0,0.0,161,162
2023-07-19 15:13:08:400043,0.0,0.0,0.0,0.0,161,162
2023-07-19 15:13:08:744087,0.0,0.0,0.0,0.0,161,162
2023-07-19 15:13:09:095089,0.0,0.0,0.0,0.0,161,162
2023-07-19 15:13:09:446693,0.0,0.0,0.0,0.0,161,162
2023-07-19 15:13:09:790986,0.0,0.0,0.0,0.0,161,162
2023-07-19 15:13:10:136980,0.0,0.0,0.0,0.0,161,162
2023-07-19 15:13:10:485284,0.0,0.0,0.0,0.0,161,162
2023-07-19 15:13:10:827611,0.0,0.0,0.0,0.0,161,162
2023-07-19 15:13:11:173157,0.0,0.0,0.0,0.0,161,162
2023-07-19 15:13:11:520855,0.0,0.0,0.0,0.0,161,162
2023-07-19 15:13:11:870202,0.0,0.0,0.0,0.0,161,162
2023-07-19 15:13:12:216184,0.0,0.0,0.0,0.0,161,162
2023-07-19 15:13:12:566117,0.0,0.0,0.0,0.0,161,162
2023-07-19 15:13:12:911158,0.0,0.0,0.0,0.0,161,162
2023-07-19 15:13:13:256231,0.0,0.0,0.0,0.0,161,162
2023-07-19 15:13:13:600357,0.0,0.0,0.0,0.0,161,162
2023-07-19 15:13:13:943481,0.0,0.0,0.0,0.0,161,162
2023-07-19 15:13:14:289774,0.0,0.0,0.0,0.0,161,162
2023-07-19 15:13:14:638225,0.0,0.0,0.0,0.0,161,162
2023-07-19 15:13:14:982508,0.0,0.0,0.0,0.0,161,162
2023-07-19 15:13:15:383863,0.0,0.0,0.0,0.0,161,162
2023-07-19 15:13:15:793186,0.0,0.0,0.0,0.0,161,162
2023-07-19 15:13:16:136187,0.0,0.0,0.0,0.0,161,162
2023-07-19 15:13:16:481974,0.0,0.0,0.0,0.0,161,162
2023-07-19 15:13:16:825330,0.0,0.0,0.0,0.0,161,162
2023-07-19 15:13:17:172933,0.0,0.0,0.0,0.0,161,162
2023-07-19 15:13:17:518319,0.0,0.0,0.0,0.0,161,162
2023-07-19 15:13:17:863363,0.0,0.0,0.0,0.0,161,162
2023-07-19 15:13:18:206116,0.0,0.0,0.0,0.0,161,162
2023-07-19 15:13:18:554101,0.0,0.0,0.0,0.0,161,162
2023-07-19 15:13:18:902061,0.0,0.0,0.0,0.0,161,162
2023-07-19 15:13:19:244103,0.0,0.0,0.0,0.0,161,162
2023-07-19 15:13:19:591642,0.0,0.0,0.0,0.0,161,162
2023-07-19 15:13:19:935816,0.0,0.0,0.0,0.0,161,162
2023-07-19 15:13:20:278507,0.0,0.0,0.0,0.0,161,162
2023-07-19 15:13:20:633881,0.0,0.0,0.0,0.0,161,162
2023-07-19 15:13:20:977889,0.0,0.0,0.0,0.0,161,162
2023-07-19 15:13:21:320908,0.0,0.0,0.0,0.0,161,162
2023-07-19 15:13:21:667620,0.0,0.0,0.0,0.0,161,162
2023-07-19 15:13:22:011884,0.0,0.0,0.0,0.0,161,162
2023-07-19 15:13:22:380124,0.0,0.0,0.0,0.0,161,162
2023-07-19 15:13:22:726782,0.0,0.0,0.0,0.0,161,162
2023-07-19 15:13:23:069200,0.0,0.0,0.0,0.0,161,162
2023-07-19 15:13:23:412344,0.0,0.0,0.0,0.0,161,162
2023-07-19 15:13:23:758331,0.0,0.0,0.0,0.0,161,162
2023-07-19 15:13:24:113278,0.0,0.0,0.0,0.0,161,162
2023-07-19 15:13:24:456222,0.0,0.0,0.0,0.0,161,162
2023-07-19 15:13:24:800362,0.0,0.0,0.0,0.0,161,162
2023-07-19 15:13:25:144663,0.0,0.0,0.0,0.0,161,162
2023-07-19 15:13:25:488207,0.0,0.0,0.0,0.0,161,162
2023-07-19 15:13:25:832595,0.0,0.0,0.0,0.0,161,162
2023-07-19 15:13:26:174529,0.0,0.0,0.0,0.0,161,162
2023-07-19 15:13:26:521231,0.0,0.0,0.0,0.0,161,162
2023-07-19 15:13:26:867545,0.0,0.0,0.0,0.0,161,162
2023-07-19 15:13:27:212146,0.0,0.0,0.0,0.0,161,162
2023-07-19 15:13:27:866898,0.0,0.0,0.0,0.0,161,162
2023-07-19 15:13:28:216633,0.0,0.0,0.0,0.0,161,162
2023-07-19 15:13:28:562577,0.0,0.0,0.0,0.0,161,162
2023-07-19 15:13:28:907579,0.0,0.0,0.0,0.0,161,162
2023-07-19 15:13:29:251633,0.0,0.0,0.0,0.0,161,162
2023-07-19 15:13:29:594679,0.0,0.0,0.0,0.0,161,162
2023-07-19 15:13:29:951566,0.0,0.0,0.0,0.0,161,162
2023-07-19 15:13:30:300772,0.0,0.0,0.0,0.0,161,162
2023-07-19 15:13:30:643261,0.0,0.0,0.0,0.0,161,162
2023-07-19 15:13:30:992306,0.0,0.0,0.0,0.0,161,162
2023-07-19 15:13:31:334784,0.0,0.0,0.0,0.0,161,162
2023-07-19 15:13:31:678489,0.0,0.0,0.0,0.0,161,162
2023-07-19 15:13:32:022993,0.0,0.0,0.0,0.0,161,162
2023-07-19 15:13:32:373310,0.0,0.0,0.0,0.0,161,162
2023-07-19 15:13:32:716778,0.0,0.0,0.0,0.0,161,162
2023-07-19 15:13:33:060779,0.0,0.0,0.0,0.0,161,162
2023-07-19 15:13:33:426830,0.0,0.0,0.0,0.0,161,162
2023-07-19 15:13:33:781770,0.0,0.0,0.0,0.0,161,162
2023-07-19 15:13:34:428147,0.0,0.0,0.0,0.0,161,162
2023-07-19 15:13:34:771702,0.0,0.0,0.0,0.0,161,162
2023-07-19 15:13:35:116393,0.0,0.0,0.0,0.0,161,162
2023-07-19 15:13:35:458687,0.0,0.0,0.0,0.0,161,162
2023-07-19 15:13:35:801686,0.0,0.0,0.0,0.0,161,162
2023-07-19 15:13:36:144816,0.0,0.0,0.0,0.0,161,162
2023-07-19 15:13:36:486817,0.0,0.0,0.0,0.0,161,162
2023-07-19 15:13:36:834059,0.0,0.0,0.0,0.0,161,162
2023-07-19 15:13:37:179059,0.0,0.0,0.0,0.0,161,162
2023-07-19 15:13:37:524059,0.0,0.0,0.0,0.0,161,162
2023-07-19 15:13:37:867059,0.0,0.0,0.0,0.0,161,162
2023-07-19 15:13:38:213468,0.0,0.0,0.0,0.0,161,162
2023-07-19 15:13:38:557436,0.0,0.0,0.0,0.0,161,162
2023-07-19 15:13:38:900593,0.0,0.0,0.0,0.0,161,162
2023-07-19 15:13:39:295593,0.0,0.0,0.0,0.0,161,162
2023-07-19 15:13:39:642541,0.0,0.0,0.0,0.0,161,162
2023-07-19 15:13:39:991781,0.0,0.0,0.0,0.0,161,162
2023-07-19 15:13:40:340186,0.0,0.0,0.0,0.0,161,162
2023-07-19 15:13:40:683786,0.0,0.0,0.0,0.0,161,162
2023-07-19 15:13:41:027265,0.0,0.0,0.0,0.0,161,162
2023-07-19 15:13:41:370484,0.0,0.0,0.0,0.0,161,162
2023-07-19 15:13:41:716980,0.0,0.0,0.0,0.0,161,162
2023-07-19 15:13:42:059930,0.0,0.0,0.0,0.0,161,162
2023-07-19 15:13:42:405487,0.0,0.0,0.0,0.0,161,162
2023-07-19 15:13:42:747647,0.0,0.0,0.0,0.0,161,162
2023-07-19 15:13:43:094648,0.0,0.0,0.0,0.0,161,162
2023-07-19 15:13:43:437775,0.0,0.0,0.0,0.0,161,162
2023-07-19 15:13:43:782674,0.0,0.0,0.0,0.0,161,162
2023-07-19 15:13:44:126812,0.0,0.0,0.0,0.0,161,162
2023-07-19 15:13:44:540107,0.0,0.0,0.0,0.0,161,162
2023-07-19 15:13:44:885723,0.0,0.0,0.0,0.0,161,162
2023-07-19 15:13:45:232400,0.0,0.0,0.0,0.0,161,162
2023-07-19 15:13:45:576400,0.0,0.0,0.0,0.0,161,162
2023-07-19 15:13:45:919528,0.0,0.0,0.0,0.0,161,162
2023-07-19 15:13:46:264494,0.0,0.0,0.0,0.0,161,162
2023-07-19 15:13:46:622294,0.0,0.0,0.0,0.0,161,162
2023-07-19 15:13:46:968470,0.0,0.0,0.0,0.0,161,162
2023-07-19 15:13:47:316471,0.0,0.0,0.0,0.0,161,162
2023-07-19 15:13:47:663555,0.0,0.0,0.0,0.0,161,162
2023-07-19 15:13:48:008176,0.0,0.0,0.0,0.0,161,162
2023-07-19 15:13:48:350582,0.0,0.0,0.0,0.0,161,162
2023-07-19 15:13:48:697883,0.0,0.0,0.0,0.0,161,162
2023-07-19 15:13:49:047658,0.0,0.0,0.0,0.0,161,162
2023-07-19 15:13:49:391601,0.0,0.0,0.0,0.0,161,162
2023-07-19 15:13:49:737303,0.0,0.0,0.0,0.0,161,162
2023-07-19 15:13:50:081326,0.0,0.0,0.0,0.0,161,162
2023-07-19 15:13:50:425325,0.0,0.0,0.0,0.0,161,162
2023-07-19 15:13:50:767872,0.0,0.0,0.0,0.0,161,162
2023-07-19 15:13:51:112989,0.0,0.0,0.0,0.0,161,162
2023-07-19 15:13:51:460989,0.0,0.0,0.0,0.0,161,162
2023-07-19 15:13:51:808005,0.0,0.0,0.0,0.0,161,162
2023-07-19 15:13:52:152040,0.0,0.0,0.0,0.0,161,162
2023-07-19 15:13:52:495660,0.0,0.0,0.0,0.0,161,162
2023-07-19 15:13:52:840613,0.0,0.0,0.0,0.0,161,162
2023-07-19 15:13:53:200659,0.0,0.0,0.0,0.0,161,162
2023-07-19 15:13:53:543936,0.0,0.0,0.0,0.0,161,162
2023-07-19 15:13:53:886936,0.0,0.0,0.0,0.0,161,162
2023-07-19 15:13:54:231097,0.0,0.0,0.0,0.0,161,162
2023-07-19 15:13:54:591221,0.0,0.0,0.0,0.0,161,162
2023-07-19 15:13:54:939220,0.0,0.0,0.0,0.0,161,162
2023-07-19 15:13:55:282529,0.0,0.0,0.0,0.0,161,162
2023-07-19 15:13:55:629529,0.0,0.0,0.0,0.0,161,162
2023-07-19 15:13:55:974372,0.0,0.0,0.0,0.0,161,162
2023-07-19 15:13:56:318421,0.0,0.0,0.0,0.0,161,162
2023-07-19 15:13:56:665006,0.0,0.0,0.0,0.0,161,162
2023-07-19 15:13:57:008006,0.0,0.0,0.0,0.0,161,162
2023-07-19 15:13:57:356420,0.0,0.0,0.0,0.0,161,162
2023-07-19 15:13:57:794233,0.0,0.0,0.0,0.0,161,162
2023-07-19 15:13:58:142182,0.0,0.0,0.0,0.0,161,162
2023-07-19 15:13:58:487233,0.0,0.0,0.0,0.0,161,162
2023-07-19 15:13:58:832357,0.0,0.0,0.0,0.0,161,162
2023-07-19 15:13:59:176409,0.0,0.0,0.0,0.0,161,162
2023-07-19 15:13:59:520902,0.0,0.0,0.0,0.0,161,162
2023-07-19 15:13:59:866568,0.0,0.0,0.0,0.0,161,162
2023-07-19 15:14:00:211373,0.0,0.0,0.0,0.0,161,162
2023-07-19 15:14:00:557266,0.0,0.0,0.0,0.0,161,162
2023-07-19 15:14:00:901390,0.0,0.0,0.0,0.0,161,162
2023-07-19 15:14:01:247341,0.0,0.0,0.0,0.0,161,162
2023-07-19 15:14:01:590057,0.0,0.0,0.0,0.0,161,162
2023-07-19 15:14:01:936057,0.0,0.0,0.0,0.0,161,162
2023-07-19 15:14:02:281179,0.0,0.0,0.0,0.0,161,162
2023-07-19 15:14:02:628081,0.0,0.0,0.0,0.0,161,162
2023-07-19 15:14:02:973081,0.0,0.0,0.0,0.0,161,162
2023-07-19 15:14:03:316080,0.0,0.0,0.0,0.0,161,162
2023-07-19 15:14:03:659678,0.0,0.0,0.0,0.0,161,162
2023-07-19 15:14:04:008408,0.0,0.0,0.0,0.0,161,162
2023-07-19 15:14:04:352409,0.0,0.0,0.0,0.0,161,162
2023-07-19 15:14:04:696664,0.0,0.0,0.0,0.0,161,162
2023-07-19 15:14:05:043182,0.0,0.0,0.0,0.0,161,162
2023-07-19 15:14:05:389432,0.0,0.0,0.0,0.0,161,162
2023-07-19 15:14:05:736209,0.0,0.0,0.0,0.0,161,162
2023-07-19 15:14:06:080213,0.0,0.0,0.0,0.0,161,162
2023-07-19 15:14:06:426743,0.0,0.0,0.0,0.0,161,162
2023-07-19 15:14:10:794289,0.0,0.0,0.0,0.0,161,162
2023-07-19 15:14:11:140489,0.0,0.0,0.0,0.0,161,162
2023-07-19 15:14:11:502489,0.0,0.0,0.0,0.0,161,162
2023-07-19 15:14:11:847124,0.0,0.0,0.0,0.0,161,162
2023-07-19 15:14:12:194105,0.0,0.0,0.0,0.0,161,162
2023-07-19 15:14:12:547540,0.0,0.0,0.0,0.0,161,162
2023-07-19 15:14:12:890771,0.0,0.0,0.0,0.0,161,162
2023-07-19 15:14:13:234991,0.0,0.0,0.0,0.0,161,162
2023-07-19 15:14:13:579914,0.0,0.0,0.0,0.0,161,162
2023-07-19 15:14:33:365437,0.0,0.0,0.0,0.0,161,161
2023-07-19 15:14:33:764570,0.0,0.0,0.0,0.0,161,161
2023-07-19 15:14:34:117908,0.0,0.0,0.0,0.0,161,161
2023-07-19 15:14:34:485978,0.0,0.0,0.0,0.0,161,161
2023-07-19 15:14:34:842728,0.0,0.0,0.0,0.0,161,161
2023-07-19 15:14:35:186975,0.0,0.0,0.0,0.0,161,161
2023-07-19 15:14:35:593176,0.0,0.0,0.0,0.0,161,161
2023-07-19 15:14:35:938468,0.0,0.0,0.0,0.0,161,161
2023-07-19 15:14:36:285019,0.0,0.0,0.0,0.0,161,161
2023-07-19 15:14:36:662956,0.0,0.0,0.0,0.0,161,161
2023-07-19 15:14:37:009864,0.0,0.0,0.0,0.0,161,161
2023-07-19 15:14:37:408910,0.0,0.0,0.0,0.0,161,161
2023-07-19 15:14:37:814081,0.0,0.0,0.0,0.0,161,161
2023-07-19 15:14:38:182040,0.0,0.0,0.0,0.0,161,161
2023-07-19 15:14:38:558868,0.0,0.0,0.0,0.0,161,161
2023-07-19 15:14:38:926818,0.0,0.0,0.0,0.0,161,161
2023-07-19 15:14:39:273342,0.0,0.0,0.0,0.0,161,161
2023-07-19 15:14:39:616900,0.0,0.0,0.0,0.0,161,161
2023-07-19 15:14:39:960150,0.0,0.0,0.0,0.0,161,161
2023-07-19 15:14:40:316145,0.0,0.0,0.0,0.0,161,161
2023-07-19 15:14:40:709311,0.0,0.0,0.0,0.0,161,161
2023-07-19 15:14:41:052195,0.0,0.0,0.0,0.0,161,161
2023-07-19 15:14:41:409876,0.0,0.0,0.0,0.0,161,161
2023-07-19 15:14:41:752876,0.0,0.0,0.0,0.0,161,161
2023-07-19 15:14:42:096320,0.0,0.0,0.0,0.0,161,161
2023-07-19 15:14:42:439352,0.0,0.0,0.0,0.0,161,161
2023-07-19 15:14:42:783352,0.0,0.0,0.0,0.0,161,161
2023-07-19 15:14:43:127481,0.0,0.0,0.0,0.0,161,161
2023-07-19 15:14:43:727558,0.0,0.0,0.0,0.0,161,161
2023-07-19 15:14:44:110922,0.0,0.0,0.0,0.0,161,161
2023-07-19 15:14:44:456922,0.0,0.0,0.0,0.0,161,161
2023-07-19 15:14:44:809093,0.0,0.0,0.0,0.0,161,161
2023-07-19 15:14:45:157040,0.0,0.0,0.0,0.0,161,161
2023-07-19 15:14:45:500224,0.0,0.0,0.0,0.0,161,161
2023-07-19 15:14:45:859892,0.0,0.0,0.0,0.0,161,161
2023-07-19 15:14:46:229892,0.0,0.0,0.0,0.0,161,161
2023-07-19 15:14:46:581957,0.0,0.0,0.0,0.0,161,161
2023-07-19 15:14:46:924915,0.0,0.0,0.0,0.0,161,161
2023-07-19 15:14:47:269570,0.0,0.0,0.0,0.0,161,161
2023-07-19 15:14:47:613815,0.0,0.0,0.0,0.0,161,161
2023-07-19 15:14:47:956814,0.0,0.0,0.0,0.0,161,161
2023-07-19 15:14:48:300195,0.0,0.0,0.0,0.0,161,161
2023-07-19 15:14:48:646043,0.0,0.0,0.0,0.0,161,161
2023-07-19 15:14:48:989624,0.0,0.0,0.0,0.0,161,161
2023-07-19 15:14:49:333626,0.0,0.0,0.0,0.0,161,161
2023-07-19 15:14:49:676918,0.0,0.0,0.0,0.0,161,161
2023-07-19 15:14:50:023358,0.0,0.0,0.0,0.0,161,161
2023-07-19 15:14:50:368394,0.0,0.0,0.0,0.0,161,161
2023-07-19 15:14:50:713015,0.0,0.0,0.0,0.0,161,161
2023-07-19 15:14:51:059124,0.0,0.0,0.0,0.0,161,161
2023-07-19 15:14:51:407385,0.0,0.0,0.0,0.0,161,161
2023-07-19 15:14:51:755083,0.0,0.0,0.0,0.0,161,161
2023-07-19 15:14:52:097953,0.0,0.0,0.0,0.0,161,161
2023-07-19 15:14:52:442191,0.0,0.0,0.0,0.0,161,161
2023-07-19 15:14:52:786191,0.0,0.0,0.0,0.0,161,161
2023-07-19 15:14:53:131138,0.0,0.0,0.0,0.0,161,161
2023-07-19 15:14:53:478569,0.0,0.0,0.0,0.0,161,161
2023-07-19 15:14:53:825734,0.0,0.0,0.0,0.0,161,161
2023-07-19 15:14:54:172989,0.0,0.0,0.0,0.0,161,161
2023-07-19 15:14:54:518856,0.0,0.0,0.0,0.0,161,161
2023-07-19 15:14:54:860983,0.0,0.0,0.0,0.0,161,161
2023-07-19 15:14:55:207240,0.0,0.0,0.0,0.0,161,161
2023-07-19 15:14:55:551596,0.0,0.0,0.0,0.0,161,161
2023-07-19 15:14:55:910595,0.0,0.0,0.0,0.0,161,161
2023-07-19 15:14:56:255421,0.0,0.0,0.0,0.0,161,161
2023-07-19 15:14:56:613746,0.0,0.0,0.0,0.0,161,161
2023-07-19 15:14:56:965768,0.0,0.0,0.0,0.0,161,161
2023-07-19 15:14:57:309746,0.0,0.0,0.0,0.0,161,161
2023-07-19 15:14:57:652745,0.0,0.0,0.0,0.0,161,161
2023-07-19 15:14:57:997745,0.0,0.0,0.0,0.0,161,161
2023-07-19 15:14:58:340747,0.0,0.0,0.0,0.0,161,161
2023-07-19 15:14:58:686710,0.0,0.0,0.0,0.0,161,161
2023-07-19 15:14:59:044660,0.0,0.0,0.0,0.0,161,161
2023-07-19 15:14:59:389734,0.0,0.0,0.0,0.0,161,161
2023-07-19 15:14:59:743834,0.0,0.0,0.0,0.0,161,161
2023-07-19 15:15:00:087023,0.0,0.0,0.0,0.0,161,161
2023-07-19 15:15:00:434196,0.0,0.0,0.0,0.0,161,161
2023-07-19 15:15:00:779388,0.0,0.0,0.0,0.0,161,161
2023-07-19 15:15:01:126557,0.0,0.0,0.0,0.0,161,161
2023-07-19 15:15:01:474248,0.0,0.0,0.0,0.0,161,161
2023-07-19 15:15:01:818247,0.0,0.0,0.0,0.0,161,161
2023-07-19 15:15:02:161377,0.0,0.0,0.0,0.0,161,161
2023-07-19 15:15:02:503749,0.0,0.0,0.0,0.0,161,161
2023-07-19 15:15:02:851032,0.0,0.0,0.0,0.0,161,161
2023-07-19 15:15:03:195538,0.0,0.0,0.0,0.0,161,161
2023-07-19 15:15:03:539142,0.0,0.0,0.0,0.0,161,161
2023-07-19 15:15:03:886984,0.0,0.0,0.0,0.0,161,161
2023-07-19 15:15:04:230601,0.0,0.0,0.0,0.0,161,161
2023-07-19 15:15:04:573454,0.0,0.0,0.0,0.0,161,161
2023-07-19 15:15:04:920868,0.0,0.0,0.0,0.0,161,161
2023-07-19 15:15:05:263614,0.0,0.0,0.0,0.0,161,161
2023-07-19 15:15:05:607499,0.0,0.0,0.0,0.0,161,161
2023-07-19 15:15:05:951448,0.0,0.0,0.0,0.0,161,161
2023-07-19 15:15:06:293196,0.0,0.0,0.0,0.0,161,161
2023-07-19 15:15:06:637145,0.0,0.0,0.0,0.0,161,161
2023-07-19 15:15:06:982699,0.0,0.0,0.0,0.0,161,161
2023-07-19 15:15:07:328360,0.0,0.0,0.0,0.0,161,161
2023-07-19 15:15:07:671472,0.0,0.0,0.0,0.0,161,161
2023-07-19 15:15:08:014999,0.0,0.0,0.0,0.0,161,161
2023-07-19 15:15:08:357650,0.0,0.0,0.0,0.0,161,161
2023-07-19 15:15:08:712709,0.0,0.0,0.0,0.0,161,161
2023-07-19 15:15:09:055343,0.0,0.0,0.0,0.0,161,161
2023-07-19 15:15:09:399046,0.0,0.0,0.0,0.0,161,161
2023-07-19 15:15:09:744714,0.0,0.0,0.0,0.0,161,161
2023-07-19 15:15:10:088307,0.0,0.0,0.0,0.0,161,161
2023-07-19 15:15:10:431053,0.0,0.0,0.0,0.0,161,161
2023-07-19 15:15:10:780422,0.0,0.0,0.0,0.0,161,161
2023-07-19 15:15:18:990243,0.0,0.0,0.0,0.0,161,161
2023-07-19 15:15:19:333701,0.0,0.0,0.0,0.0,161,161
2023-07-19 15:15:19:675751,0.0,0.0,0.0,0.0,161,161
2023-07-19 15:15:20:024699,0.0,0.0,0.0,0.0,161,161
2023-07-19 15:15:20:372701,0.0,0.0,0.0,0.0,161,161
2023-07-19 15:15:20:724562,0.0,0.0,0.0,0.0,161,161
2023-07-19 15:15:21:066803,0.0,0.0,0.0,0.0,161,161
2023-07-19 15:15:21:414337,0.0,0.0,0.0,0.0,161,161
2023-07-19 15:15:21:758725,0.0,0.0,0.0,0.0,161,161
2023-07-19 15:15:22:102373,0.0,0.0,0.0,0.0,161,161
2023-07-19 15:15:22:483309,0.0,0.0,0.0,0.0,161,161
2023-07-19 15:17:32:144148,0.0,0.0,0.0,0.0,161,161
2023-07-19 15:17:32:487516,0.0,0.0,0.0,0.0,161,161
2023-07-19 15:17:32:847565,0.0,0.0,0.0,0.0,161,161
2023-07-19 15:17:33:192536,0.0,0.0,0.0,0.0,161,161
2023-07-19 15:17:33:537475,0.0,0.0,0.0,0.0,161,161
2023-07-19 15:17:33:883138,0.0,0.0,0.0,0.0,161,161
2023-07-19 15:17:34:258577,0.0,0.0,0.0,0.0,161,161
2023-07-19 15:17:34:645807,0.0,0.0,0.0,0.0,161,161
2023-07-19 15:17:34:991901,0.0,0.0,0.0,0.0,161,161
2023-07-19 15:17:35:337326,0.0,0.0,0.0,0.0,161,161
2023-07-19 15:17:35:689327,0.0,0.0,0.0,0.0,161,161
2023-07-19 15:17:36:031501,0.0,0.0,0.0,0.0,161,161
2023-07-19 15:17:36:377502,0.0,0.0,0.0,0.0,161,161
2023-07-19 15:17:36:720458,0.0,0.0,0.0,0.0,161,161
2023-07-19 15:17:37:064629,0.0,0.0,0.0,0.0,161,161
2023-07-19 15:17:37:411629,0.0,0.0,0.0,0.0,161,161
2023-07-19 15:17:37:754643,0.0,0.0,0.0,0.0,161,161
2023-07-19 15:17:38:097695,0.0,0.0,0.0,0.0,161,161
2023-07-19 15:17:38:440771,0.0,0.0,0.0,0.0,161,161
2023-07-19 15:17:38:784820,0.0,0.0,0.0,0.0,161,161
2023-07-19 15:17:39:127820,0.0,0.0,0.0,0.0,161,161
2023-07-19 15:17:39:484594,0.0,0.0,0.0,0.0,161,161
2023-07-19 15:17:39:827593,0.0,0.0,0.0,0.0,161,161
2023-07-19 15:17:40:175719,0.0,0.0,0.0,0.0,161,161
2023-07-19 15:17:40:520016,0.0,0.0,0.0,0.0,161,161
2023-07-19 15:17:40:865015,0.0,0.0,0.0,0.0,161,161
2023-07-19 15:17:41:209267,0.0,0.0,0.0,0.0,161,161
2023-07-19 15:17:41:553184,0.0,0.0,0.0,0.0,161,161
2023-07-19 15:17:41:897106,0.0,0.0,0.0,0.0,161,161
2023-07-19 15:17:42:241056,0.0,0.0,0.0,0.0,161,161
2023-07-19 15:17:42:584200,0.0,0.0,0.0,0.0,161,161
2023-07-19 15:17:42:928200,0.0,0.0,0.0,0.0,161,161
2023-07-19 15:17:43:272321,0.0,0.0,0.0,0.0,162,161
2023-07-19 15:17:43:774372,0.0,0.0,0.0,0.0,162,161
2023-07-19 15:17:44:171866,0.0,0.0,0.0,0.0,163,162
2023-07-19 15:17:44:514917,0.0,0.0,0.0,0.0,163,162
2023-07-19 15:17:44:857231,0.0,0.0,0.0,0.0,163,162
2023-07-19 15:17:45:200807,0.0,0.0,0.0,0.0,165,162
2023-07-19 15:17:45:543807,0.0,0.0,0.0,0.0,165,162
2023-07-19 15:17:45:887808,0.0,0.0,0.0,0.0,165,162
2023-07-19 15:17:46:238758,0.0,0.0,0.0,0.0,167,162
2023-07-19 15:17:46:583059,0.0,0.0,0.0,0.0,167,162
2023-07-19 15:17:46:927058,0.0,0.0,0.0,0.0,167,162
2023-07-19 15:17:47:274265,0.0,0.0,0.0,0.0,169,162
2023-07-19 15:17:47:621420,0.0,0.0,0.0,0.0,169,162
2023-07-19 15:17:47:965730,0.0,0.0,0.0,0.0,169,162
2023-07-19 15:17:48:322127,0.0,0.0,0.0,0.0,171,162
2023-07-19 15:17:48:665566,0.0,0.0,0.0,0.0,171,162
2023-07-19 15:17:49:009026,0.0,0.0,0.0,0.0,171,162
2023-07-19 15:17:49:388989,0.0,0.0,0.0,0.0,173,162
2023-07-19 15:17:49:736696,0.0,0.0,0.0,0.0,173,162
2023-07-19 15:17:50:100251,1.0,1.0,0.0,0.0,174,162
2023-07-19 15:17:50:447334,1.0,1.0,0.0,0.0,174,162
2023-07-19 15:17:50:791239,1.5,1.5,0.0,0.0,174,162
2023-07-19 15:17:51:145361,1.5,1.5,0.0,0.0,174,163
2023-07-19 15:17:51:489437,1.5,1.5,0.0,0.0,174,163
2023-07-19 15:17:51:837436,1.5,1.5,0.0,0.0,174,163
2023-07-19 15:17:52:184613,1.5,1.5,0.0,0.0,174,163
2023-07-19 15:17:52:528615,1.5,1.5,0.0,0.0,174,163
2023-07-19 15:17:52:876613,1.5,1.5,0.0,0.0,174,163
2023-07-19 15:17:53:223613,1.5,1.5,0.0,0.0,174,163
2023-07-19 15:17:53:582786,1.5,1.5,0.0,0.0,174,163
2023-07-19 15:17:53:925143,1.0,1.5,0.0,0.1,174,163
2023-07-19 15:17:54:297476,1.0,1.5,0.0,0.1,174,163
2023-07-19 15:17:54:656419,1.0,1.5,0.0,0.1,174,163
2023-07-19 15:17:55:000982,1.0,1.5,0.0,0.1,174,163
2023-07-19 15:17:55:345373,1.0,1.5,0.0,0.1,174,164
2023-07-19 15:17:55:695946,1.0,1.5,0.0,0.1,174,164
2023-07-19 15:17:56:056989,0.5,1.5,0.0,0.1,174,164
2023-07-19 15:17:56:401366,0.5,1.5,0.0,0.1,173,164
2023-07-19 15:17:56:747396,0.5,1.5,0.0,0.1,173,164
2023-07-19 15:17:57:096825,0.5,1.5,0.0,0.1,173,164
2023-07-19 15:17:57:455387,0.5,1.5,0.0,0.1,173,164
2023-07-19 15:17:57:806369,0.5,1.5,0.0,0.1,173,164
2023-07-19 15:17:58:152472,0.5,1.5,0.0,0.1,173,164
2023-07-19 15:17:58:501757,0.5,1.5,0.0,0.1,173,164
2023-07-19 15:17:58:872806,0.5,1.5,0.0,0.1,173,164
2023-07-19 15:17:59:241223,0.5,1.5,0.0,0.1,172,164
2023-07-19 15:17:59:589588,0.5,1.5,0.0,0.1,172,164
2023-07-19 15:17:59:959825,0.5,1.5,0.0,0.1,172,164
2023-07-19 15:18:00:314825,0.5,1.5,0.0,0.1,172,164
2023-07-19 15:18:00:657832,0.5,1.5,0.0,0.1,172,164
2023-07-19 15:18:01:005756,0.0,1.5,0.0,0.1,172,164
2023-07-19 15:18:01:357791,0.0,1.5,0.0,0.1,171,165
2023-07-19 15:18:01:707979,0.0,1.5,0.0,0.1,171,165
2023-07-19 15:18:02:089103,0.0,1.5,0.0,0.1,171,165
2023-07-19 15:18:02:447285,0.0,1.5,0.0,0.1,171,165
2023-07-19 15:18:02:793285,0.5,1.5,0.0,0.1,171,165
2023-07-19 15:18:03:145285,0.5,1.5,0.0,0.1,171,165
2023-07-19 15:18:03:505235,0.5,1.5,0.0,0.1,170,165
2023-07-19 15:18:03:848492,0.5,1.5,0.0,0.1,170,165
2023-07-19 15:18:04:194438,0.5,1.5,0.0,0.1,170,165
2023-07-19 15:18:04:606573,0.5,1.5,0.0,0.1,170,165
2023-07-19 15:18:04:950570,0.5,1.5,0.0,0.1,170,165
2023-07-19 15:18:05:310622,0.5,1.5,0.0,0.1,170,165
2023-07-19 15:18:05:679149,0.5,1.5,0.0,0.1,170,165
2023-07-19 15:18:06:024619,0.0,1.5,0.0,0.1,170,165
2023-07-19 15:18:06:376160,0.0,1.5,0.0,0.1,169,165
2023-07-19 15:18:06:742530,0.0,1.5,0.0,0.1,169,165
2023-07-19 15:18:07:091983,0.0,1.5,0.0,0.1,169,165
2023-07-19 15:18:07:435387,0.0,1.5,0.0,0.1,169,165
2023-07-19 15:18:07:780587,0.0,1.5,0.0,0.1,169,165
2023-07-19 15:18:08:128131,0.0,1.5,0.0,0.1,169,165
2023-07-19 15:18:08:471807,0.0,1.5,0.0,0.1,168,165
2023-07-19 15:18:08:816166,0.0,1.5,0.0,0.1,168,165
2023-07-19 15:18:09:169166,0.0,1.5,0.0,0.1,168,165
2023-07-19 15:18:09:512485,0.0,1.5,0.0,0.1,168,165
2023-07-19 15:18:09:856739,0.0,1.5,0.0,0.1,168,165
2023-07-19 15:18:10:205095,0.0,1.5,0.0,0.1,168,165
2023-07-19 15:18:10:550094,0.0,1.5,0.0,0.1,168,165
2023-07-19 15:18:10:896146,0.0,1.5,0.0,0.1,168,165
2023-07-19 15:18:11:244146,0.0,1.5,0.0,0.1,168,165
2023-07-19 15:18:11:588465,0.0,1.5,0.0,0.1,167,165
2023-07-19 15:18:11:931894,0.0,1.5,0.0,0.1,167,165
2023-07-19 15:18:12:276016,0.0,1.5,0.0,0.1,167,165
2023-07-19 15:18:12:640802,0.0,1.5,0.0,0.1,167,165
2023-07-19 15:18:12:990001,0.0,1.5,0.0,0.1,167,165
2023-07-19 15:18:13:333001,0.0,1.5,0.0,0.1,167,165
2023-07-19 15:18:13:678049,0.0,1.5,0.0,0.1,167,165
2023-07-19 15:18:14:047345,0.0,1.5,0.0,0.1,167,165
2023-07-19 15:18:14:396412,0.0,1.5,0.0,0.1,167,165
2023-07-19 15:18:14:746262,0.0,1.5,0.0,0.1,167,165
2023-07-19 15:18:15:092921,0.0,1.5,0.0,0.1,167,165
2023-07-19 15:18:15:445171,0.0,1.5,0.0,0.1,166,165
2023-07-19 15:18:15:796294,0.0,1.5,0.0,0.1,166,165
2023-07-19 15:18:16:139923,0.0,1.5,0.0,0.1,166,165
2023-07-19 15:18:16:484850,0.0,1.5,0.0,0.1,166,165
2023-07-19 15:18:16:830180,0.0,1.5,0.0,0.1,166,165
2023-07-19 15:18:17:173181,0.0,1.5,0.0,0.1,166,165
2023-07-19 15:18:17:516574,0.0,1.5,0.0,0.1,166,165
2023-07-19 15:18:17:865574,0.0,1.5,0.0,0.1,166,165
2023-07-19 15:18:18:215465,0.0,1.5,0.0,0.1,166,165
2023-07-19 15:18:18:560958,0.0,1.5,0.0,0.1,165,165
2023-07-19 15:18:18:913959,0.0,1.5,0.0,0.1,165,165
2023-07-19 15:18:19:258581,0.0,1.5,0.0,0.1,165,165
2023-07-19 15:18:19:606577,0.0,1.5,0.0,0.1,165,165
2023-07-19 15:18:19:962576,0.0,1.5,0.0,0.1,165,165
2023-07-19 15:18:20:326344,0.0,1.5,0.0,0.1,165,165
2023-07-19 15:18:20:668284,0.0,1.5,0.0,0.1,165,165
2023-07-19 15:18:21:017108,0.0,1.5,0.0,0.1,165,165
2023-07-19 15:18:21:361056,0.0,1.5,0.0,0.1,165,165
2023-07-19 15:18:21:705107,0.0,1.5,0.0,0.1,165,165
2023-07-19 15:18:22:056326,0.0,1.5,0.0,0.1,165,165
2023-07-19 15:18:22:400326,0.0,1.5,0.0,0.1,165,165
2023-07-19 15:18:22:743280,0.0,1.5,0.0,0.1,165,165
2023-07-19 15:18:23:087429,0.0,1.5,0.0,0.1,165,165
2023-07-19 15:18:23:431429,0.0,1.5,0.0,0.1,164,165
2023-07-19 15:18:23:773553,0.0,1.5,0.0,0.1,164,165
2023-07-19 15:18:24:118605,0.0,1.5,0.0,0.1,164,165
2023-07-19 15:18:24:463732,0.0,1.5,0.0,0.1,164,165
2023-07-19 15:18:24:807799,0.0,1.5,0.0,0.1,164,165
2023-07-19 15:18:25:151874,0.0,1.5,0.0,0.1,164,165
2023-07-19 15:18:25:495877,0.0,1.5,0.0,0.1,164,165
2023-07-19 15:18:25:851541,0.0,1.5,0.0,0.1,164,165
2023-07-19 15:18:26:199887,0.0,1.5,0.0,0.1,164,165
2023-07-19 15:18:26:543646,0.0,1.5,0.0,0.1,164,165
2023-07-19 15:18:26:887149,0.0,1.5,0.0,0.1,164,165
2023-07-19 15:18:27:232725,0.0,1.5,0.0,0.1,164,165
2023-07-19 15:18:27:575276,0.0,1.5,0.0,0.1,163,165
2023-07-19 15:18:27:920163,0.0,1.5,0.0,0.1,163,165
2023-07-19 15:18:28:263278,0.0,1.5,0.0,0.1,163,165
2023-07-19 15:18:28:623789,0.0,1.5,0.0,0.1,163,165
2023-07-19 15:18:28:966915,0.0,1.5,0.0,0.1,163,165
2023-07-19 15:18:29:311115,0.0,1.5,0.0,0.1,163,165
2023-07-19 15:18:29:654839,0.0,1.5,0.0,0.1,163,165
2023-07-19 15:18:29:999941,0.0,1.5,0.0,0.1,163,165
2023-07-19 15:18:30:342708,0.0,1.5,0.0,0.1,163,165
2023-07-19 15:18:30:686589,0.0,1.5,0.0,0.1,163,165
2023-07-19 15:18:31:029980,0.0,1.5,0.0,0.1,163,165
2023-07-19 15:18:31:386626,0.0,1.5,0.0,0.1,163,165
2023-07-19 15:18:31:730634,0.0,1.5,0.0,0.1,163,165
2023-07-19 15:18:32:074751,0.0,1.5,0.0,0.1,163,165
2023-07-19 15:18:32:418909,0.0,1.5,0.0,0.1,163,165
2023-07-19 15:18:32:763067,0.0,1.5,0.0,0.1,163,165
2023-07-19 15:18:33:107067,0.0,1.5,0.0,0.1,163,165
2023-07-19 15:18:33:450116,0.0,1.5,0.0,0.1,163,165
2023-07-19 15:18:33:793064,0.0,1.5,0.0,0.1,162,165
2023-07-19 15:18:34:147455,0.0,1.5,0.0,0.1,162,165
2023-07-19 15:18:34:558526,0.0,1.5,0.0,0.1,162,165
2023-07-19 15:18:34:902029,0.0,1.5,0.0,0.1,162,165
2023-07-19 15:18:35:246028,0.0,1.5,0.0,0.1,162,165
2023-07-19 15:18:35:592080,0.0,1.5,0.0,0.1,162,165
2023-07-19 15:18:35:938295,0.0,1.5,0.0,0.1,162,165
2023-07-19 15:18:36:283415,0.0,1.5,0.0,0.1,162,165
2023-07-19 15:18:36:629965,0.0,1.5,0.0,0.1,162,165
2023-07-19 15:18:36:973579,0.0,1.5,0.0,0.1,162,165
2023-07-19 15:18:37:316630,0.0,1.5,0.0,0.1,162,165
2023-07-19 15:18:37:666847,0.0,1.5,0.0,0.1,162,165
2023-07-19 15:18:38:009846,0.0,1.5,0.0,0.1,162,165
2023-07-19 15:18:38:353798,0.0,1.5,0.0,0.1,162,165
2023-07-19 15:18:38:697767,0.0,1.5,0.0,0.1,162,165
2023-07-19 15:18:39:040835,0.0,1.5,0.0,0.1,162,165
2023-07-19 15:18:39:406136,0.0,1.5,0.0,0.1,162,165
2023-07-19 15:18:39:751136,0.0,1.5,0.0,0.1,162,165
2023-07-19 15:18:40:095136,0.0,1.5,0.0,0.1,162,165
2023-07-19 15:18:40:439085,0.0,1.5,0.0,0.1,162,165
2023-07-19 15:18:40:783136,0.0,1.5,0.0,0.1,162,165
2023-07-19 15:18:41:126238,0.0,1.5,0.0,0.1,162,165
2023-07-19 15:18:41:470186,0.0,1.5,0.0,0.1,162,165
2023-07-19 15:18:41:818238,0.0,1.5,0.0,0.1,161,165
2023-07-19 15:18:42:165238,0.0,1.5,0.0,0.1,161,165
2023-07-19 15:18:42:508362,0.0,1.5,0.0,0.1,161,165
2023-07-19 15:18:42:851362,0.0,1.5,0.0,0.1,161,164
2023-07-19 15:18:43:195362,0.0,1.5,0.0,0.1,161,164
2023-07-19 15:18:43:576454,0.0,1.5,0.0,0.1,161,164
2023-07-19 15:18:43:922173,0.0,1.5,0.0,0.1,161,164
2023-07-19 15:18:44:265173,0.0,1.5,0.0,0.1,161,164
2023-07-19 15:18:44:610500,0.0,1.5,0.0,0.1,161,164
2023-07-19 15:18:44:981501,0.0,1.5,0.0,0.1,161,164
2023-07-19 15:18:45:325832,0.0,1.5,0.0,0.1,161,164
2023-07-19 15:18:45:668832,0.0,1.5,0.0,0.1,161,164
2023-07-19 15:18:46:015832,0.0,1.5,0.0,0.1,161,164
2023-07-19 15:18:46:358832,0.0,1.5,0.0,0.1,161,164
2023-07-19 15:18:46:703780,0.0,1.5,0.0,0.1,161,164
2023-07-19 15:18:47:084832,0.0,1.5,0.0,0.1,161,164
2023-07-19 15:18:47:431839,0.0,1.5,0.0,0.1,161,164
2023-07-19 15:18:47:777109,0.0,1.5,0.0,0.1,161,164
2023-07-19 15:18:48:120468,0.0,1.5,0.0,0.1,161,164
2023-07-19 15:18:48:463805,0.0,1.5,0.0,0.1,161,164
2023-07-19 15:18:48:806766,0.0,1.5,0.0,0.1,161,164
2023-07-19 15:18:49:150381,0.0,1.5,0.0,0.1,161,164
2023-07-19 15:18:49:509966,0.0,1.5,0.0,0.1,161,164
2023-07-19 15:18:49:853629,0.0,1.5,0.0,0.1,161,164
2023-07-19 15:18:50:198569,0.0,1.5,0.0,0.1,161,164
2023-07-19 15:18:50:540995,0.0,1.5,0.0,0.1,161,164
2023-07-19 15:18:50:887203,0.0,1.5,0.0,0.1,161,164
2023-07-19 15:18:51:229272,0.0,1.5,0.0,0.1,161,164
2023-07-19 15:18:51:574224,0.0,1.5,0.0,0.1,161,164
2023-07-19 15:18:51:918100,0.0,1.5,0.0,0.1,160,164
2023-07-19 15:18:52:268228,0.0,1.5,0.0,0.1,160,164
2023-07-19 15:18:52:616297,0.0,1.5,0.0,0.1,160,164
2023-07-19 15:18:52:961299,0.0,1.5,0.0,0.1,160,164
2023-07-19 15:18:53:306300,0.0,1.5,0.0,0.1,160,164
2023-07-19 15:18:53:652072,0.0,1.5,0.0,0.0,160,164
2023-07-19 15:18:54:005386,0.0,1.5,0.0,0.0,160,164
2023-07-19 15:18:54:349995,0.0,1.5,0.0,0.0,160,164
2023-07-19 15:18:54:694233,0.0,1.5,0.0,0.0,160,164
2023-07-19 15:18:55:038234,0.0,1.5,0.0,0.0,160,164
2023-07-19 15:18:55:438235,0.0,1.5,0.0,0.0,160,164
2023-07-19 15:18:55:783049,0.0,1.5,0.0,0.0,160,164
2023-07-19 15:18:56:132145,0.0,1.5,0.0,0.0,160,164
2023-07-19 15:18:56:475145,0.0,1.5,0.0,0.0,160,164
2023-07-19 15:18:56:819105,0.0,1.5,0.0,0.0,160,164
2023-07-19 15:18:57:164189,0.0,1.5,0.0,0.0,160,164
2023-07-19 15:18:57:506189,0.0,1.5,0.0,0.0,160,164
2023-07-19 15:18:57:849796,0.0,1.5,0.0,0.0,160,163
2023-07-19 15:19:00:955025,0.0,1.5,0.0,0.0,160,163
2023-07-19 15:19:01:307175,0.0,1.5,0.0,0.0,160,163
2023-07-19 15:19:01:650470,0.0,1.5,0.0,0.0,160,163
2023-07-19 15:19:01:994908,0.0,1.5,0.0,0.0,160,163
2023-07-19 15:19:02:339856,0.0,1.5,0.0,0.0,160,163
2023-07-19 15:19:02:683907,0.0,1.5,0.0,0.0,160,163
2023-07-19 15:19:03:027908,0.0,1.5,0.0,0.0,160,163
2023-07-19 15:19:03:371856,0.0,1.5,0.0,0.0,160,163
2023-07-19 15:19:03:716858,0.0,1.5,0.0,0.0,160,163
2023-07-19 15:19:04:064089,0.0,1.5,0.0,0.0,160,163
2023-07-19 15:19:04:412675,0.0,1.5,0.0,0.0,160,163
2023-07-19 15:19:04:758675,0.0,1.5,0.0,0.0,160,163
2023-07-19 15:19:05:106625,0.0,1.5,0.0,0.0,160,163
2023-07-19 15:19:05:454626,0.0,1.5,0.0,0.0,160,163
2023-07-19 15:19:05:801100,0.0,1.5,0.0,0.0,160,163
2023-07-19 15:19:06:144154,0.0,1.5,0.0,0.0,160,163
2023-07-19 15:19:06:488101,0.0,1.5,0.0,0.0,160,163
2023-07-19 15:19:06:833416,0.0,1.5,0.0,0.0,160,163
2023-07-19 15:19:07:176467,0.0,1.5,0.0,0.0,159,163
2023-07-19 15:19:07:523533,0.0,1.5,0.0,0.0,159,163
2023-07-19 15:19:07:868560,0.0,1.5,0.0,0.0,159,163
2023-07-19 15:19:08:215533,0.0,1.5,0.0,0.0,159,163
2023-07-19 15:19:08:560609,0.0,1.5,0.0,0.0,159,163
2023-07-19 15:19:08:908789,0.0,1.5,0.0,0.0,159,163
2023-07-19 15:19:09:253862,0.0,1.5,0.0,0.0,159,163
2023-07-19 15:19:09:598040,0.0,1.5,0.0,0.0,159,163
2023-07-19 15:19:09:941989,0.0,1.5,0.0,0.0,159,163
2023-07-19 15:19:10:288761,0.0,1.5,0.0,0.0,159,163
2023-07-19 15:19:10:634760,0.0,1.5,0.0,0.0,159,163
2023-07-19 15:19:10:979806,0.0,1.5,0.0,0.0,159,163
2023-07-19 15:19:11:323806,0.0,1.5,0.0,0.0,159,163
2023-07-19 15:19:11:671769,0.0,1.5,0.0,0.0,159,163
2023-07-19 15:19:12:035178,0.0,1.5,0.0,0.0,159,163
2023-07-19 15:19:12:384647,0.0,1.5,0.0,0.0,159,163
2023-07-19 15:19:12:727753,0.0,1.5,0.0,0.0,159,163
2023-07-19 15:19:13:105242,0.0,1.5,0.0,0.0,159,163
2023-07-19 15:19:13:451242,0.0,1.5,0.0,0.0,159,163
2023-07-19 15:19:13:799868,0.0,1.5,0.0,0.0,159,163
2023-07-19 15:19:14:147868,0.0,1.5,0.0,0.0,159,162
2023-07-19 15:19:14:492867,0.0,1.5,0.0,0.0,159,162
2023-07-19 15:19:14:837817,0.0,1.5,0.0,0.0,159,162
2023-07-19 15:19:15:184992,0.0,1.5,0.0,0.0,159,162
2023-07-19 15:19:15:533214,0.0,1.5,0.0,0.0,159,162
2023-07-19 15:19:15:881374,0.0,1.5,0.0,0.0,159,162
2023-07-19 15:19:16:227507,0.0,1.5,0.0,0.0,159,162
2023-07-19 15:19:16:572581,0.0,1.5,0.0,0.0,159,162
2023-07-19 15:19:16:923633,0.0,1.5,0.0,0.0,159,162
2023-07-19 15:19:17:267908,0.0,1.5,0.0,0.0,159,162
2023-07-19 15:19:17:613149,0.0,1.5,0.0,0.0,159,162
2023-07-19 15:19:17:959617,0.0,1.5,0.0,0.0,159,162
2023-07-19 15:19:18:305722,0.0,1.5,0.0,0.0,159,162
2023-07-19 15:19:18:648629,0.0,1.5,0.0,0.0,159,162
2023-07-19 15:19:18:993602,0.0,1.5,0.0,0.0,159,162
2023-07-19 15:19:19:340025,0.0,1.5,0.0,0.0,159,162
2023-07-19 15:19:19:686992,0.0,1.5,0.0,0.0,159,162
2023-07-19 15:19:20:034573,0.0,1.5,0.0,0.0,159,162
2023-07-19 15:19:20:380056,0.0,1.5,0.0,0.0,159,162
2023-07-19 15:19:20:724485,0.0,1.5,0.0,0.0,159,162
2023-07-19 15:19:21:071528,0.0,1.5,0.0,0.0,159,162
2023-07-19 15:19:21:417838,0.0,1.5,0.0,0.0,159,162
2023-07-19 15:19:21:764828,0.0,1.5,0.0,0.0,159,162
2023-07-19 15:19:22:423421,0.0,1.5,0.0,0.0,159,162
2023-07-19 15:19:22:766500,0.0,1.5,0.0,0.0,159,162
2023-07-19 15:19:23:110500,0.0,1.5,0.0,0.0,159,162
2023-07-19 15:19:23:454500,0.0,1.5,0.0,0.0,159,162
2023-07-19 15:19:23:800624,0.0,1.5,0.0,0.0,159,162
2023-07-19 15:19:24:148975,0.0,1.5,0.0,0.0,159,162
2023-07-19 15:19:24:495139,0.0,1.5,0.0,0.0,159,162
2023-07-19 15:19:27:403855,0.0,1.5,0.0,0.0,159,162
2023-07-19 15:19:27:747250,0.0,1.5,0.0,0.0,159,162
2023-07-19 15:19:28:090041,0.0,1.5,0.0,0.0,159,162
2023-07-19 15:19:28:436156,0.0,1.5,0.0,0.0,159,162
2023-07-19 15:19:28:779076,0.0,1.5,0.0,0.0,159,162
2023-07-19 15:19:29:139312,0.0,1.5,0.0,0.0,159,162
2023-07-19 15:19:29:484865,0.0,1.5,0.0,0.0,159,162
2023-07-19 15:19:29:830770,0.0,1.5,0.0,0.0,159,162
2023-07-19 15:19:30:176154,0.0,1.5,0.0,0.0,159,162
2023-07-19 15:19:30:524313,0.0,1.5,0.0,0.0,159,162
2023-07-19 15:20:30:579317,0.0,1.5,0.0,0.0,158,159
2023-07-19 15:20:30:926144,0.0,1.5,0.0,0.0,158,159
2023-07-19 15:20:31:290663,0.0,0.0,0.0,0.0,158,159
2023-07-19 15:20:31:634786,0.0,0.0,0.0,0.0,158,159
2023-07-19 15:20:31:979911,0.0,0.0,0.0,0.0,158,159
2023-07-19 15:20:32:322911,0.0,0.0,0.0,0.0,158,159
2023-07-19 15:20:32:666167,0.0,0.0,0.0,0.0,158,159
2023-07-19 15:20:33:013168,0.0,0.0,0.0,0.0,158,159
2023-07-19 15:20:33:379167,0.0,0.0,0.0,0.0,158,159
2023-07-19 15:20:33:725168,0.0,0.0,0.0,0.0,158,159
2023-07-19 15:20:34:072242,0.0,0.0,0.0,0.0,158,159
2023-07-19 15:20:34:416240,0.0,0.0,0.0,0.0,158,159
2023-07-19 15:20:34:762873,0.0,0.0,0.0,0.0,158,159
2023-07-19 15:20:35:109509,0.0,0.0,0.0,0.0,158,159
2023-07-19 15:20:35:455326,0.0,0.0,0.0,0.0,158,159
2023-07-19 15:20:35:799112,0.0,0.0,0.0,0.0,158,159
2023-07-19 15:20:36:142900,0.0,0.0,0.0,0.0,158,159
2023-07-19 15:20:36:488973,0.0,0.0,0.0,0.0,158,159
2023-07-19 15:20:36:838101,0.0,0.0,0.0,0.0,158,159
2023-07-19 15:20:37:183914,0.0,0.0,0.0,0.0,158,159
2023-07-19 15:20:37:528913,0.0,0.0,0.0,0.0,158,159
2023-07-19 15:20:37:875040,0.0,0.0,0.0,0.0,158,159
2023-07-19 15:20:38:225241,0.0,0.0,0.0,0.0,158,159
2023-07-19 15:20:38:602694,0.0,0.0,0.0,0.0,158,159
2023-07-19 15:20:38:956745,0.0,0.0,0.0,0.0,158,159
2023-07-19 15:20:39:316745,0.0,0.0,0.0,0.0,158,159
2023-07-19 15:20:39:664696,0.0,0.0,0.0,0.0,158,159
2023-07-19 15:20:40:008694,0.0,0.0,0.0,0.0,158,159
2023-07-19 15:20:40:378750,0.0,0.0,0.0,0.0,158,159
2023-07-19 15:20:40:723959,0.0,0.0,0.0,0.0,158,159
2023-07-19 15:20:41:067958,0.0,0.0,0.0,0.0,158,159
2023-07-19 15:20:41:413958,0.0,0.0,0.0,0.0,158,159
2023-07-19 15:20:41:757958,0.0,0.0,0.0,0.0,158,159
2023-07-19 15:20:42:103376,0.0,0.0,0.0,0.0,158,159
2023-07-19 15:20:42:449268,0.0,0.0,0.0,0.0,158,159
2023-07-19 15:20:42:792661,0.0,0.0,0.0,0.0,158,159
2023-07-19 15:20:43:137785,0.0,0.0,0.0,0.0,158,159
2023-07-19 15:20:43:579116,0.0,0.0,0.0,0.0,158,159
2023-07-19 15:20:43:923559,0.0,0.0,0.0,0.0,158,159
2023-07-19 15:22:58:330152,0.0,0.0,0.0,0.0,158,158
2023-07-19 15:22:58:680381,0.0,0.0,0.0,0.0,158,158
2023-07-19 15:22:59:026395,0.0,0.0,0.0,0.0,158,158
2023-07-19 15:22:59:369381,0.0,0.0,0.0,0.0,158,158
2023-07-19 15:22:59:717205,0.0,0.0,0.0,0.0,158,158
2023-07-19 15:23:00:061370,0.0,0.0,0.0,0.0,158,158
2023-07-19 15:23:00:404376,0.0,0.0,0.0,0.0,158,158
2023-07-19 15:23:00:748529,0.0,0.0,0.0,0.0,158,158
2023-07-19 15:23:01:097598,0.0,0.0,0.0,0.0,158,158
2023-07-19 15:23:01:463363,0.0,0.0,0.0,0.0,158,158
2023-07-19 15:23:01:814515,0.0,0.0,0.0,0.0,158,158
2023-07-19 15:23:02:162418,0.0,0.0,0.0,0.0,158,158
2023-07-19 15:23:02:510417,0.0,0.0,0.0,0.0,158,158
2023-07-19 15:23:02:860285,0.0,0.0,0.0,0.0,158,158
